[
  {
    "Id": "device_vendor_msft_policy_config_defender_attacksurfacereductionrules_blockexecutablecontentfromemailclientandwebmail_perruleexclusions",
    "Name": "ASROnlyPerRuleExclusions",
    "DisplayName": "ASR Only Per Rule Exclusions",
    "Options": null
  },
  {
    "Id": "device_vendor_msft_policy_config_defender_attacksurfacereductionrules_blockadobereaderfromcreatingchildprocesses_perruleexclusions",
    "Name": "ASROnlyPerRuleExclusions",
    "DisplayName": "ASR Only Per Rule Exclusions",
    "Options": null
  },
  {
    "Id": "device_vendor_msft_policy_config_defender_attacksurfacereductionrules_blockexecutionofpotentiallyobfuscatedscripts",
    "Name": "BlockExecutionOfPotentiallyObfuscatedScripts",
    "DisplayName": "Block execution of potentially obfuscated scripts",
    "Options": {
      "value": [
        {
          "itemId": "device_vendor_msft_policy_config_defender_attacksurfacereductionrules_blockexecutionofpotentiallyobfuscatedscripts_off",
          "name": "Off",
          "displayName": "Off",
          "optionValue": {
            "@odata.type": "#microsoft.graph.deviceManagementConfigurationStringSettingValue",
            "value": "5BEB7EFE-FD9A-4556-801D-275E5FFC04CC=0"
          },
          "dependentOn": [
            {
              "dependentOn": "device_vendor_msft_policy_config_defender_attacksurfacereductionrules",
              "parentSettingId": "device_vendor_msft_policy_config_defender_attacksurfacereductionrules"
            }
          ],
          "dependedOnBy": [
            
          ]
        },
        {
          "itemId": "device_vendor_msft_policy_config_defender_attacksurfacereductionrules_blockexecutionofpotentiallyobfuscatedscripts_block",
          "name": "Block",
          "displayName": "Block",
          "optionValue": {
            "@odata.type": "#microsoft.graph.deviceManagementConfigurationStringSettingValue",
            "value": "5BEB7EFE-FD9A-4556-801D-275E5FFC04CC=1"
          },
          "dependentOn": [
            {
              "dependentOn": "device_vendor_msft_policy_config_defender_attacksurfacereductionrules",
              "parentSettingId": "device_vendor_msft_policy_config_defender_attacksurfacereductionrules"
            }
          ],
          "dependedOnBy": [
            {
              "dependedOnBy": "device_vendor_msft_policy_config_defender_attacksurfacereductionrules_blockexecutionofpotentiallyobfuscatedscripts_perruleexclusions",
              "required": false
            }
          ]
        },
        {
          "itemId": "device_vendor_msft_policy_config_defender_attacksurfacereductionrules_blockexecutionofpotentiallyobfuscatedscripts_audit",
          "name": "Audit",
          "displayName": "Audit",
          "optionValue": {
            "@odata.type": "#microsoft.graph.deviceManagementConfigurationStringSettingValue",
            "value": "5BEB7EFE-FD9A-4556-801D-275E5FFC04CC=2"
          },
          "dependentOn": [
            {
              "dependentOn": "device_vendor_msft_policy_config_defender_attacksurfacereductionrules",
              "parentSettingId": "device_vendor_msft_policy_config_defender_attacksurfacereductionrules"
            }
          ],
          "dependedOnBy": [
            {
              "dependedOnBy": "device_vendor_msft_policy_config_defender_attacksurfacereductionrules_blockexecutionofpotentiallyobfuscatedscripts_perruleexclusions",
              "required": false
            }
          ]
        },
        {
          "itemId": "device_vendor_msft_policy_config_defender_attacksurfacereductionrules_blockexecutionofpotentiallyobfuscatedscripts_warn",
          "name": "Warn",
          "displayName": "Warn",
          "optionValue": {
            "@odata.type": "#microsoft.graph.deviceManagementConfigurationStringSettingValue",
            "value": "5BEB7EFE-FD9A-4556-801D-275E5FFC04CC=6"
          },
          "dependentOn": [
            {
              "dependentOn": "device_vendor_msft_policy_config_defender_attacksurfacereductionrules",
              "parentSettingId": "device_vendor_msft_policy_config_defender_attacksurfacereductionrules"
            }
          ],
          "dependedOnBy": [
            {
              "dependedOnBy": "device_vendor_msft_policy_config_defender_attacksurfacereductionrules_blockexecutionofpotentiallyobfuscatedscripts_perruleexclusions",
              "required": false
            }
          ]
        }
      ],
      "Count": 4
    }
  },
  {
    "Id": "device_vendor_msft_policy_config_defender_attacksurfacereductionrules_blockabuseofexploitedvulnerablesigneddrivers_perruleexclusions",
    "Name": "ASROnlyPerRuleExclusions",
    "DisplayName": "ASR Only Per Rule Exclusions",
    "Options": null
  },
  {
    "Id": "device_vendor_msft_policy_config_defender_attacksurfacereductionrules_blockwin32apicallsfromofficemacros",
    "Name": "BlockWin32APICallsFromOfficeMacros",
    "DisplayName": "Block Win32 API calls from Office macros",
    "Options": {
      "value": [
        {
          "itemId": "device_vendor_msft_policy_config_defender_attacksurfacereductionrules_blockwin32apicallsfromofficemacros_off",
          "name": "Off",
          "displayName": "Off",
          "optionValue": {
            "@odata.type": "#microsoft.graph.deviceManagementConfigurationStringSettingValue",
            "value": "92E97FA1-2EDF-4476-BDD6-9DD0B4DDDC7B=0"
          },
          "dependentOn": [
            {
              "dependentOn": "device_vendor_msft_policy_config_defender_attacksurfacereductionrules",
              "parentSettingId": "device_vendor_msft_policy_config_defender_attacksurfacereductionrules"
            }
          ],
          "dependedOnBy": [
            
          ]
        },
        {
          "itemId": "device_vendor_msft_policy_config_defender_attacksurfacereductionrules_blockwin32apicallsfromofficemacros_block",
          "name": "Block",
          "displayName": "Block",
          "optionValue": {
            "@odata.type": "#microsoft.graph.deviceManagementConfigurationStringSettingValue",
            "value": "92E97FA1-2EDF-4476-BDD6-9DD0B4DDDC7B=1"
          },
          "dependentOn": [
            {
              "dependentOn": "device_vendor_msft_policy_config_defender_attacksurfacereductionrules",
              "parentSettingId": "device_vendor_msft_policy_config_defender_attacksurfacereductionrules"
            }
          ],
          "dependedOnBy": [
            {
              "dependedOnBy": "device_vendor_msft_policy_config_defender_attacksurfacereductionrules_blockwin32apicallsfromofficemacros_perruleexclusions",
              "required": false
            }
          ]
        },
        {
          "itemId": "device_vendor_msft_policy_config_defender_attacksurfacereductionrules_blockwin32apicallsfromofficemacros_audit",
          "name": "Audit",
          "displayName": "Audit",
          "optionValue": {
            "@odata.type": "#microsoft.graph.deviceManagementConfigurationStringSettingValue",
            "value": "92E97FA1-2EDF-4476-BDD6-9DD0B4DDDC7B=2"
          },
          "dependentOn": [
            {
              "dependentOn": "device_vendor_msft_policy_config_defender_attacksurfacereductionrules",
              "parentSettingId": "device_vendor_msft_policy_config_defender_attacksurfacereductionrules"
            }
          ],
          "dependedOnBy": [
            {
              "dependedOnBy": "device_vendor_msft_policy_config_defender_attacksurfacereductionrules_blockwin32apicallsfromofficemacros_perruleexclusions",
              "required": false
            }
          ]
        },
        {
          "itemId": "device_vendor_msft_policy_config_defender_attacksurfacereductionrules_blockwin32apicallsfromofficemacros_warn",
          "name": "Warn",
          "displayName": "Warn",
          "optionValue": {
            "@odata.type": "#microsoft.graph.deviceManagementConfigurationStringSettingValue",
            "value": "92E97FA1-2EDF-4476-BDD6-9DD0B4DDDC7B=6"
          },
          "dependentOn": [
            {
              "dependentOn": "device_vendor_msft_policy_config_defender_attacksurfacereductionrules",
              "parentSettingId": "device_vendor_msft_policy_config_defender_attacksurfacereductionrules"
            }
          ],
          "dependedOnBy": [
            {
              "dependedOnBy": "device_vendor_msft_policy_config_defender_attacksurfacereductionrules_blockwin32apicallsfromofficemacros_perruleexclusions",
              "required": false
            }
          ]
        }
      ],
      "Count": 4
    }
  },
  {
    "Id": "device_vendor_msft_policy_config_defender_attacksurfacereductionrules_blockexecutionofpotentiallyobfuscatedscripts_perruleexclusions",
    "Name": "ASROnlyPerRuleExclusions",
    "DisplayName": "ASR Only Per Rule Exclusions",
    "Options": null
  },
  {
    "Id": "device_vendor_msft_policy_config_defender_attacksurfacereductionrules_blockexecutablefilesrunningunlesstheymeetprevalenceagetrustedlistcriterion",
    "Name": "BlockExecutableFilesRunningUnlessTheyMeetPrevalenceAgeTrustedListCriterion",
    "DisplayName": "Block executable files from running unless they meet a prevalence, age, or trusted list criterion",
    "Options": {
      "value": [
        {
          "itemId": "device_vendor_msft_policy_config_defender_attacksurfacereductionrules_blockexecutablefilesrunningunlesstheymeetprevalenceagetrustedlistcriterion_off",
          "name": "Off",
          "displayName": "Off",
          "optionValue": {
            "@odata.type": "#microsoft.graph.deviceManagementConfigurationStringSettingValue",
            "value": "01443614-cd74-433a-b99e-2ecdc07bfc25=0"
          },
          "dependentOn": [
            {
              "dependentOn": "device_vendor_msft_policy_config_defender_attacksurfacereductionrules",
              "parentSettingId": "device_vendor_msft_policy_config_defender_attacksurfacereductionrules"
            }
          ],
          "dependedOnBy": [
            
          ]
        },
        {
          "itemId": "device_vendor_msft_policy_config_defender_attacksurfacereductionrules_blockexecutablefilesrunningunlesstheymeetprevalenceagetrustedlistcriterion_block",
          "name": "Block",
          "displayName": "Block",
          "optionValue": {
            "@odata.type": "#microsoft.graph.deviceManagementConfigurationStringSettingValue",
            "value": "01443614-cd74-433a-b99e-2ecdc07bfc25=1"
          },
          "dependentOn": [
            {
              "dependentOn": "device_vendor_msft_policy_config_defender_attacksurfacereductionrules",
              "parentSettingId": "device_vendor_msft_policy_config_defender_attacksurfacereductionrules"
            }
          ],
          "dependedOnBy": [
            {
              "dependedOnBy": "device_vendor_msft_policy_config_defender_attacksurfacereductionrules_blockexecutablefilesrunningunlesstheymeetprevalenceagetrustedlistcriterion_perruleexclusions",
              "required": false
            }
          ]
        },
        {
          "itemId": "device_vendor_msft_policy_config_defender_attacksurfacereductionrules_blockexecutablefilesrunningunlesstheymeetprevalenceagetrustedlistcriterion_audit",
          "name": "Audit",
          "displayName": "Audit",
          "optionValue": {
            "@odata.type": "#microsoft.graph.deviceManagementConfigurationStringSettingValue",
            "value": "01443614-cd74-433a-b99e-2ecdc07bfc25=2"
          },
          "dependentOn": [
            {
              "dependentOn": "device_vendor_msft_policy_config_defender_attacksurfacereductionrules",
              "parentSettingId": "device_vendor_msft_policy_config_defender_attacksurfacereductionrules"
            }
          ],
          "dependedOnBy": [
            {
              "dependedOnBy": "device_vendor_msft_policy_config_defender_attacksurfacereductionrules_blockexecutablefilesrunningunlesstheymeetprevalenceagetrustedlistcriterion_perruleexclusions",
              "required": false
            }
          ]
        },
        {
          "itemId": "device_vendor_msft_policy_config_defender_attacksurfacereductionrules_blockexecutablefilesrunningunlesstheymeetprevalenceagetrustedlistcriterion_warn",
          "name": "Warn",
          "displayName": "Warn",
          "optionValue": {
            "@odata.type": "#microsoft.graph.deviceManagementConfigurationStringSettingValue",
            "value": "01443614-cd74-433a-b99e-2ecdc07bfc25=6"
          },
          "dependentOn": [
            {
              "dependentOn": "device_vendor_msft_policy_config_defender_attacksurfacereductionrules",
              "parentSettingId": "device_vendor_msft_policy_config_defender_attacksurfacereductionrules"
            }
          ],
          "dependedOnBy": [
            {
              "dependedOnBy": "device_vendor_msft_policy_config_defender_attacksurfacereductionrules_blockexecutablefilesrunningunlesstheymeetprevalenceagetrustedlistcriterion_perruleexclusions",
              "required": false
            }
          ]
        }
      ],
      "Count": 4
    }
  },
  {
    "Id": "device_vendor_msft_policy_config_defender_attacksurfacereductionrules_blockofficecommunicationappfromcreatingchildprocesses",
    "Name": "BlockOfficeCommunicationAppFromCreatingChildProcesses",
    "DisplayName": "Block Office communication application from creating child processes",
    "Options": {
      "value": [
        {
          "itemId": "device_vendor_msft_policy_config_defender_attacksurfacereductionrules_blockofficecommunicationappfromcreatingchildprocesses_off",
          "name": "Off",
          "displayName": "Off",
          "optionValue": {
            "@odata.type": "#microsoft.graph.deviceManagementConfigurationStringSettingValue",
            "value": "26190899-1602-49e8-8b27-eb1d0a1ce869=0"
          },
          "dependentOn": [
            {
              "dependentOn": "device_vendor_msft_policy_config_defender_attacksurfacereductionrules",
              "parentSettingId": "device_vendor_msft_policy_config_defender_attacksurfacereductionrules"
            }
          ],
          "dependedOnBy": [
            
          ]
        },
        {
          "itemId": "device_vendor_msft_policy_config_defender_attacksurfacereductionrules_blockofficecommunicationappfromcreatingchildprocesses_block",
          "name": "Block",
          "displayName": "Block",
          "optionValue": {
            "@odata.type": "#microsoft.graph.deviceManagementConfigurationStringSettingValue",
            "value": "26190899-1602-49e8-8b27-eb1d0a1ce869=1"
          },
          "dependentOn": [
            {
              "dependentOn": "device_vendor_msft_policy_config_defender_attacksurfacereductionrules",
              "parentSettingId": "device_vendor_msft_policy_config_defender_attacksurfacereductionrules"
            }
          ],
          "dependedOnBy": [
            {
              "dependedOnBy": "device_vendor_msft_policy_config_defender_attacksurfacereductionrules_blockofficecommunicationappfromcreatingchildprocesses_perruleexclusions",
              "required": false
            }
          ]
        },
        {
          "itemId": "device_vendor_msft_policy_config_defender_attacksurfacereductionrules_blockofficecommunicationappfromcreatingchildprocesses_audit",
          "name": "Audit",
          "displayName": "Audit",
          "optionValue": {
            "@odata.type": "#microsoft.graph.deviceManagementConfigurationStringSettingValue",
            "value": "26190899-1602-49e8-8b27-eb1d0a1ce869=2"
          },
          "dependentOn": [
            {
              "dependentOn": "device_vendor_msft_policy_config_defender_attacksurfacereductionrules",
              "parentSettingId": "device_vendor_msft_policy_config_defender_attacksurfacereductionrules"
            }
          ],
          "dependedOnBy": [
            {
              "dependedOnBy": "device_vendor_msft_policy_config_defender_attacksurfacereductionrules_blockofficecommunicationappfromcreatingchildprocesses_perruleexclusions",
              "required": false
            }
          ]
        },
        {
          "itemId": "device_vendor_msft_policy_config_defender_attacksurfacereductionrules_blockofficecommunicationappfromcreatingchildprocesses_warn",
          "name": "Warn",
          "displayName": "Warn",
          "optionValue": {
            "@odata.type": "#microsoft.graph.deviceManagementConfigurationStringSettingValue",
            "value": "26190899-1602-49e8-8b27-eb1d0a1ce869=6"
          },
          "dependentOn": [
            {
              "dependentOn": "device_vendor_msft_policy_config_defender_attacksurfacereductionrules",
              "parentSettingId": "device_vendor_msft_policy_config_defender_attacksurfacereductionrules"
            }
          ],
          "dependedOnBy": [
            {
              "dependedOnBy": "device_vendor_msft_policy_config_defender_attacksurfacereductionrules_blockofficecommunicationappfromcreatingchildprocesses_perruleexclusions",
              "required": false
            }
          ]
        }
      ],
      "Count": 4
    }
  },
  {
    "Id": "device_vendor_msft_policy_config_defender_attacksurfacereductionrules_blockallofficeapplicationsfromcreatingchildprocesses",
    "Name": "BlockAllOfficeApplicationsFromCreatingChildProcesses",
    "DisplayName": "Block all Office applications from creating child processes",
    "Options": {
      "value": [
        {
          "itemId": "device_vendor_msft_policy_config_defender_attacksurfacereductionrules_blockallofficeapplicationsfromcreatingchildprocesses_off",
          "name": "Off",
          "displayName": "Off",
          "optionValue": {
            "@odata.type": "#microsoft.graph.deviceManagementConfigurationStringSettingValue",
            "value": "D4F940AB-401B-4EFC-AADC-AD5F3C50688A=0"
          },
          "dependentOn": [
            {
              "dependentOn": "device_vendor_msft_policy_config_defender_attacksurfacereductionrules",
              "parentSettingId": "device_vendor_msft_policy_config_defender_attacksurfacereductionrules"
            }
          ],
          "dependedOnBy": [
            
          ]
        },
        {
          "itemId": "device_vendor_msft_policy_config_defender_attacksurfacereductionrules_blockallofficeapplicationsfromcreatingchildprocesses_block",
          "name": "Block",
          "displayName": "Block",
          "optionValue": {
            "@odata.type": "#microsoft.graph.deviceManagementConfigurationStringSettingValue",
            "value": "D4F940AB-401B-4EFC-AADC-AD5F3C50688A=1"
          },
          "dependentOn": [
            {
              "dependentOn": "device_vendor_msft_policy_config_defender_attacksurfacereductionrules",
              "parentSettingId": "device_vendor_msft_policy_config_defender_attacksurfacereductionrules"
            }
          ],
          "dependedOnBy": [
            {
              "dependedOnBy": "device_vendor_msft_policy_config_defender_attacksurfacereductionrules_blockallofficeapplicationsfromcreatingchildprocesses_perruleexclusions",
              "required": false
            }
          ]
        },
        {
          "itemId": "device_vendor_msft_policy_config_defender_attacksurfacereductionrules_blockallofficeapplicationsfromcreatingchildprocesses_audit",
          "name": "Audit",
          "displayName": "Audit",
          "optionValue": {
            "@odata.type": "#microsoft.graph.deviceManagementConfigurationStringSettingValue",
            "value": "D4F940AB-401B-4EFC-AADC-AD5F3C50688A=2"
          },
          "dependentOn": [
            {
              "dependentOn": "device_vendor_msft_policy_config_defender_attacksurfacereductionrules",
              "parentSettingId": "device_vendor_msft_policy_config_defender_attacksurfacereductionrules"
            }
          ],
          "dependedOnBy": [
            {
              "dependedOnBy": "device_vendor_msft_policy_config_defender_attacksurfacereductionrules_blockallofficeapplicationsfromcreatingchildprocesses_perruleexclusions",
              "required": false
            }
          ]
        },
        {
          "itemId": "device_vendor_msft_policy_config_defender_attacksurfacereductionrules_blockallofficeapplicationsfromcreatingchildprocesses_warn",
          "name": "Warn",
          "displayName": "Warn",
          "optionValue": {
            "@odata.type": "#microsoft.graph.deviceManagementConfigurationStringSettingValue",
            "value": "D4F940AB-401B-4EFC-AADC-AD5F3C50688A=6"
          },
          "dependentOn": [
            {
              "dependentOn": "device_vendor_msft_policy_config_defender_attacksurfacereductionrules",
              "parentSettingId": "device_vendor_msft_policy_config_defender_attacksurfacereductionrules"
            }
          ],
          "dependedOnBy": [
            {
              "dependedOnBy": "device_vendor_msft_policy_config_defender_attacksurfacereductionrules_blockallofficeapplicationsfromcreatingchildprocesses_perruleexclusions",
              "required": false
            }
          ]
        }
      ],
      "Count": 4
    }
  },
  {
    "Id": "device_vendor_msft_policy_config_defender_attacksurfacereductionrules_blockuseofcopiedorimpersonatedsystemtools_perruleexclusions",
    "Name": "ASROnlyPerRuleExclusions",
    "DisplayName": "ASR Only Per Rule Exclusions",
    "Options": null
  },
  {
    "Id": "device_vendor_msft_policy_config_defender_attacksurfacereductionrules_blockexecutablefilesrunningunlesstheymeetprevalenceagetrustedlistcriterion_perruleexclusions",
    "Name": "ASROnlyPerRuleExclusions",
    "DisplayName": "ASR Only Per Rule Exclusions",
    "Options": null
  },
  {
    "Id": "device_vendor_msft_policy_config_defender_attacksurfacereductionrules_blockadobereaderfromcreatingchildprocesses",
    "Name": "BlockAdobeReaderFromCreatingChildProcesses",
    "DisplayName": "Block Adobe Reader from creating child processes",
    "Options": {
      "value": [
        {
          "itemId": "device_vendor_msft_policy_config_defender_attacksurfacereductionrules_blockadobereaderfromcreatingchildprocesses_off",
          "name": "Off",
          "displayName": "Off",
          "optionValue": {
            "@odata.type": "#microsoft.graph.deviceManagementConfigurationStringSettingValue",
            "value": "7674ba52-37eb-4a4f-a9a1-f0f9a1619a2c=0"
          },
          "dependentOn": [
            {
              "dependentOn": "device_vendor_msft_policy_config_defender_attacksurfacereductionrules",
              "parentSettingId": "device_vendor_msft_policy_config_defender_attacksurfacereductionrules"
            }
          ],
          "dependedOnBy": [
            
          ]
        },
        {
          "itemId": "device_vendor_msft_policy_config_defender_attacksurfacereductionrules_blockadobereaderfromcreatingchildprocesses_block",
          "name": "Block",
          "displayName": "Block",
          "optionValue": {
            "@odata.type": "#microsoft.graph.deviceManagementConfigurationStringSettingValue",
            "value": "7674ba52-37eb-4a4f-a9a1-f0f9a1619a2c=1"
          },
          "dependentOn": [
            {
              "dependentOn": "device_vendor_msft_policy_config_defender_attacksurfacereductionrules",
              "parentSettingId": "device_vendor_msft_policy_config_defender_attacksurfacereductionrules"
            }
          ],
          "dependedOnBy": [
            {
              "dependedOnBy": "device_vendor_msft_policy_config_defender_attacksurfacereductionrules_blockadobereaderfromcreatingchildprocesses_perruleexclusions",
              "required": false
            }
          ]
        },
        {
          "itemId": "device_vendor_msft_policy_config_defender_attacksurfacereductionrules_blockadobereaderfromcreatingchildprocesses_audit",
          "name": "Audit",
          "displayName": "Audit",
          "optionValue": {
            "@odata.type": "#microsoft.graph.deviceManagementConfigurationStringSettingValue",
            "value": "7674ba52-37eb-4a4f-a9a1-f0f9a1619a2c=2"
          },
          "dependentOn": [
            {
              "dependentOn": "device_vendor_msft_policy_config_defender_attacksurfacereductionrules",
              "parentSettingId": "device_vendor_msft_policy_config_defender_attacksurfacereductionrules"
            }
          ],
          "dependedOnBy": [
            {
              "dependedOnBy": "device_vendor_msft_policy_config_defender_attacksurfacereductionrules_blockadobereaderfromcreatingchildprocesses_perruleexclusions",
              "required": false
            }
          ]
        },
        {
          "itemId": "device_vendor_msft_policy_config_defender_attacksurfacereductionrules_blockadobereaderfromcreatingchildprocesses_warn",
          "name": "Warn",
          "displayName": "Warn",
          "optionValue": {
            "@odata.type": "#microsoft.graph.deviceManagementConfigurationStringSettingValue",
            "value": "7674ba52-37eb-4a4f-a9a1-f0f9a1619a2c=6"
          },
          "dependentOn": [
            {
              "dependentOn": "device_vendor_msft_policy_config_defender_attacksurfacereductionrules",
              "parentSettingId": "device_vendor_msft_policy_config_defender_attacksurfacereductionrules"
            }
          ],
          "dependedOnBy": [
            {
              "dependedOnBy": "device_vendor_msft_policy_config_defender_attacksurfacereductionrules_blockadobereaderfromcreatingchildprocesses_perruleexclusions",
              "required": false
            }
          ]
        }
      ],
      "Count": 4
    }
  },
  {
    "Id": "device_vendor_msft_policy_config_defender_attacksurfacereductionrules_blockjavascriptorvbscriptfromlaunchingdownloadedexecutablecontent_perruleexclusions",
    "Name": "ASROnlyPerRuleExclusions",
    "DisplayName": "ASR Only Per Rule Exclusions",
    "Options": null
  },
  {
    "Id": "device_vendor_msft_policy_config_defender_attacksurfacereductionrules_blockcredentialstealingfromwindowslocalsecurityauthoritysubsystem",
    "Name": "BlockCredentialStealingFromWindowsLocalSecurityAuthoritySubsystem",
    "DisplayName": "Block credential stealing from the Windows local security authority subsystem",
    "Options": {
      "value": [
        {
          "itemId": "device_vendor_msft_policy_config_defender_attacksurfacereductionrules_blockcredentialstealingfromwindowslocalsecurityauthoritysubsystem_off",
          "name": "Off",
          "displayName": "Off",
          "optionValue": {
            "@odata.type": "#microsoft.graph.deviceManagementConfigurationStringSettingValue",
            "value": "9e6c4e1f-7d60-472f-ba1a-a39ef669e4b2=0"
          },
          "dependentOn": [
            {
              "dependentOn": "device_vendor_msft_policy_config_defender_attacksurfacereductionrules",
              "parentSettingId": "device_vendor_msft_policy_config_defender_attacksurfacereductionrules"
            }
          ],
          "dependedOnBy": [
            
          ]
        },
        {
          "itemId": "device_vendor_msft_policy_config_defender_attacksurfacereductionrules_blockcredentialstealingfromwindowslocalsecurityauthoritysubsystem_block",
          "name": "Block",
          "displayName": "Block",
          "optionValue": {
            "@odata.type": "#microsoft.graph.deviceManagementConfigurationStringSettingValue",
            "value": "9e6c4e1f-7d60-472f-ba1a-a39ef669e4b2=1"
          },
          "dependentOn": [
            {
              "dependentOn": "device_vendor_msft_policy_config_defender_attacksurfacereductionrules",
              "parentSettingId": "device_vendor_msft_policy_config_defender_attacksurfacereductionrules"
            }
          ],
          "dependedOnBy": [
            {
              "dependedOnBy": "device_vendor_msft_policy_config_defender_attacksurfacereductionrules_blockcredentialstealingfromwindowslocalsecurityauthoritysubsystem_perruleexclusions",
              "required": false
            }
          ]
        },
        {
          "itemId": "device_vendor_msft_policy_config_defender_attacksurfacereductionrules_blockcredentialstealingfromwindowslocalsecurityauthoritysubsystem_audit",
          "name": "Audit",
          "displayName": "Audit",
          "optionValue": {
            "@odata.type": "#microsoft.graph.deviceManagementConfigurationStringSettingValue",
            "value": "9e6c4e1f-7d60-472f-ba1a-a39ef669e4b2=2"
          },
          "dependentOn": [
            {
              "dependentOn": "device_vendor_msft_policy_config_defender_attacksurfacereductionrules",
              "parentSettingId": "device_vendor_msft_policy_config_defender_attacksurfacereductionrules"
            }
          ],
          "dependedOnBy": [
            {
              "dependedOnBy": "device_vendor_msft_policy_config_defender_attacksurfacereductionrules_blockcredentialstealingfromwindowslocalsecurityauthoritysubsystem_perruleexclusions",
              "required": false
            }
          ]
        },
        {
          "itemId": "device_vendor_msft_policy_config_defender_attacksurfacereductionrules_blockcredentialstealingfromwindowslocalsecurityauthoritysubsystem_warn",
          "name": "Warn",
          "displayName": "Warn",
          "optionValue": {
            "@odata.type": "#microsoft.graph.deviceManagementConfigurationStringSettingValue",
            "value": "9e6c4e1f-7d60-472f-ba1a-a39ef669e4b2=6"
          },
          "dependentOn": [
            {
              "dependentOn": "device_vendor_msft_policy_config_defender_attacksurfacereductionrules",
              "parentSettingId": "device_vendor_msft_policy_config_defender_attacksurfacereductionrules"
            }
          ],
          "dependedOnBy": [
            {
              "dependedOnBy": "device_vendor_msft_policy_config_defender_attacksurfacereductionrules_blockcredentialstealingfromwindowslocalsecurityauthoritysubsystem_perruleexclusions",
              "required": false
            }
          ]
        }
      ],
      "Count": 4
    }
  },
  {
    "Id": "device_vendor_msft_policy_config_defender_attacksurfacereductionrules_blockwebshellcreationforservers_perruleexclusions",
    "Name": "ASROnlyPerRuleExclusions",
    "DisplayName": "ASR Only Per Rule Exclusions",
    "Options": null
  },
  {
    "Id": "device_vendor_msft_policy_config_defender_attacksurfacereductionrules_blockjavascriptorvbscriptfromlaunchingdownloadedexecutablecontent",
    "Name": "BlockJavaScriptOrVBScriptFromLaunchingDownloadedExecutableContent",
    "DisplayName": "Block JavaScript or VBScript from launching downloaded executable content",
    "Options": {
      "value": [
        {
          "itemId": "device_vendor_msft_policy_config_defender_attacksurfacereductionrules_blockjavascriptorvbscriptfromlaunchingdownloadedexecutablecontent_off",
          "name": "Off",
          "displayName": "Off",
          "optionValue": {
            "@odata.type": "#microsoft.graph.deviceManagementConfigurationStringSettingValue",
            "value": "D3E037E1-3EB8-44C8-A917-57927947596D=0"
          },
          "dependentOn": [
            {
              "dependentOn": "device_vendor_msft_policy_config_defender_attacksurfacereductionrules",
              "parentSettingId": "device_vendor_msft_policy_config_defender_attacksurfacereductionrules"
            }
          ],
          "dependedOnBy": [
            
          ]
        },
        {
          "itemId": "device_vendor_msft_policy_config_defender_attacksurfacereductionrules_blockjavascriptorvbscriptfromlaunchingdownloadedexecutablecontent_block",
          "name": "Block",
          "displayName": "Block",
          "optionValue": {
            "@odata.type": "#microsoft.graph.deviceManagementConfigurationStringSettingValue",
            "value": "D3E037E1-3EB8-44C8-A917-57927947596D=1"
          },
          "dependentOn": [
            {
              "dependentOn": "device_vendor_msft_policy_config_defender_attacksurfacereductionrules",
              "parentSettingId": "device_vendor_msft_policy_config_defender_attacksurfacereductionrules"
            }
          ],
          "dependedOnBy": [
            {
              "dependedOnBy": "device_vendor_msft_policy_config_defender_attacksurfacereductionrules_blockjavascriptorvbscriptfromlaunchingdownloadedexecutablecontent_perruleexclusions",
              "required": false
            }
          ]
        },
        {
          "itemId": "device_vendor_msft_policy_config_defender_attacksurfacereductionrules_blockjavascriptorvbscriptfromlaunchingdownloadedexecutablecontent_audit",
          "name": "Audit",
          "displayName": "Audit",
          "optionValue": {
            "@odata.type": "#microsoft.graph.deviceManagementConfigurationStringSettingValue",
            "value": "D3E037E1-3EB8-44C8-A917-57927947596D=2"
          },
          "dependentOn": [
            {
              "dependentOn": "device_vendor_msft_policy_config_defender_attacksurfacereductionrules",
              "parentSettingId": "device_vendor_msft_policy_config_defender_attacksurfacereductionrules"
            }
          ],
          "dependedOnBy": [
            {
              "dependedOnBy": "device_vendor_msft_policy_config_defender_attacksurfacereductionrules_blockjavascriptorvbscriptfromlaunchingdownloadedexecutablecontent_perruleexclusions",
              "required": false
            }
          ]
        },
        {
          "itemId": "device_vendor_msft_policy_config_defender_attacksurfacereductionrules_blockjavascriptorvbscriptfromlaunchingdownloadedexecutablecontent_warn",
          "name": "Warn",
          "displayName": "Warn",
          "optionValue": {
            "@odata.type": "#microsoft.graph.deviceManagementConfigurationStringSettingValue",
            "value": "D3E037E1-3EB8-44C8-A917-57927947596D=6"
          },
          "dependentOn": [
            {
              "dependentOn": "device_vendor_msft_policy_config_defender_attacksurfacereductionrules",
              "parentSettingId": "device_vendor_msft_policy_config_defender_attacksurfacereductionrules"
            }
          ],
          "dependedOnBy": [
            {
              "dependedOnBy": "device_vendor_msft_policy_config_defender_attacksurfacereductionrules_blockjavascriptorvbscriptfromlaunchingdownloadedexecutablecontent_perruleexclusions",
              "required": false
            }
          ]
        }
      ],
      "Count": 4
    }
  },
  {
    "Id": "device_vendor_msft_policy_config_defender_attacksurfacereductionrules_blockofficeapplicationsfromcreatingexecutablecontent_perruleexclusions",
    "Name": "ASROnlyPerRuleExclusions",
    "DisplayName": "ASR Only Per Rule Exclusions",
    "Options": null
  },
  {
    "Id": "device_vendor_msft_policy_config_defender_attacksurfacereductionrules_blockwebshellcreationforservers",
    "Name": "BlockWebshellCreationForServers",
    "DisplayName": "Block Webshell creation for Servers",
    "Options": {
      "value": [
        {
          "itemId": "device_vendor_msft_policy_config_defender_attacksurfacereductionrules_blockwebshellcreationforservers_off",
          "name": "Off",
          "displayName": "Off",
          "optionValue": {
            "@odata.type": "#microsoft.graph.deviceManagementConfigurationStringSettingValue",
            "value": "a8f5898e-1dc8-49a9-9878-85004b8a61e6=0"
          },
          "dependentOn": [
            {
              "dependentOn": "device_vendor_msft_policy_config_defender_attacksurfacereductionrules",
              "parentSettingId": "device_vendor_msft_policy_config_defender_attacksurfacereductionrules"
            }
          ],
          "dependedOnBy": [
            
          ]
        },
        {
          "itemId": "device_vendor_msft_policy_config_defender_attacksurfacereductionrules_blockwebshellcreationforservers_block",
          "name": "Block",
          "displayName": "Block",
          "optionValue": {
            "@odata.type": "#microsoft.graph.deviceManagementConfigurationStringSettingValue",
            "value": "a8f5898e-1dc8-49a9-9878-85004b8a61e6=1"
          },
          "dependentOn": [
            {
              "dependentOn": "device_vendor_msft_policy_config_defender_attacksurfacereductionrules",
              "parentSettingId": "device_vendor_msft_policy_config_defender_attacksurfacereductionrules"
            }
          ],
          "dependedOnBy": [
            {
              "dependedOnBy": "device_vendor_msft_policy_config_defender_attacksurfacereductionrules_blockwebshellcreationforservers_perruleexclusions",
              "required": false
            }
          ]
        },
        {
          "itemId": "device_vendor_msft_policy_config_defender_attacksurfacereductionrules_blockwebshellcreationforservers_audit",
          "name": "Audit",
          "displayName": "Audit",
          "optionValue": {
            "@odata.type": "#microsoft.graph.deviceManagementConfigurationStringSettingValue",
            "value": "a8f5898e-1dc8-49a9-9878-85004b8a61e6=2"
          },
          "dependentOn": [
            {
              "dependentOn": "device_vendor_msft_policy_config_defender_attacksurfacereductionrules",
              "parentSettingId": "device_vendor_msft_policy_config_defender_attacksurfacereductionrules"
            }
          ],
          "dependedOnBy": [
            {
              "dependedOnBy": "device_vendor_msft_policy_config_defender_attacksurfacereductionrules_blockwebshellcreationforservers_perruleexclusions",
              "required": false
            }
          ]
        },
        {
          "itemId": "device_vendor_msft_policy_config_defender_attacksurfacereductionrules_blockwebshellcreationforservers_warn",
          "name": "Warn",
          "displayName": "Warn",
          "optionValue": {
            "@odata.type": "#microsoft.graph.deviceManagementConfigurationStringSettingValue",
            "value": "a8f5898e-1dc8-49a9-9878-85004b8a61e6=6"
          },
          "dependentOn": [
            {
              "dependentOn": "device_vendor_msft_policy_config_defender_attacksurfacereductionrules",
              "parentSettingId": "device_vendor_msft_policy_config_defender_attacksurfacereductionrules"
            }
          ],
          "dependedOnBy": [
            {
              "dependedOnBy": "device_vendor_msft_policy_config_defender_attacksurfacereductionrules_blockwebshellcreationforservers_perruleexclusions",
              "required": false
            }
          ]
        }
      ],
      "Count": 4
    }
  },
  {
    "Id": "device_vendor_msft_policy_config_defender_attacksurfacereductionrules_blockuntrustedunsignedprocessesthatrunfromusb",
    "Name": "BlockUntrustedUnsignedProcessesThatRunFromUSB",
    "DisplayName": "Block untrusted and unsigned processes that run from USB",
    "Options": {
      "value": [
        {
          "itemId": "device_vendor_msft_policy_config_defender_attacksurfacereductionrules_blockuntrustedunsignedprocessesthatrunfromusb_off",
          "name": "Off",
          "displayName": "Off",
          "optionValue": {
            "@odata.type": "#microsoft.graph.deviceManagementConfigurationStringSettingValue",
            "value": "b2b3f03d-6a65-4f7b-a9c7-1c7ef74a9ba4=0"
          },
          "dependentOn": [
            {
              "dependentOn": "device_vendor_msft_policy_config_defender_attacksurfacereductionrules",
              "parentSettingId": "device_vendor_msft_policy_config_defender_attacksurfacereductionrules"
            }
          ],
          "dependedOnBy": [
            
          ]
        },
        {
          "itemId": "device_vendor_msft_policy_config_defender_attacksurfacereductionrules_blockuntrustedunsignedprocessesthatrunfromusb_block",
          "name": "Block",
          "displayName": "Block",
          "optionValue": {
            "@odata.type": "#microsoft.graph.deviceManagementConfigurationStringSettingValue",
            "value": "b2b3f03d-6a65-4f7b-a9c7-1c7ef74a9ba4=1"
          },
          "dependentOn": [
            {
              "dependentOn": "device_vendor_msft_policy_config_defender_attacksurfacereductionrules",
              "parentSettingId": "device_vendor_msft_policy_config_defender_attacksurfacereductionrules"
            }
          ],
          "dependedOnBy": [
            {
              "dependedOnBy": "device_vendor_msft_policy_config_defender_attacksurfacereductionrules_blockuntrustedunsignedprocessesthatrunfromusb_perruleexclusions",
              "required": false
            }
          ]
        },
        {
          "itemId": "device_vendor_msft_policy_config_defender_attacksurfacereductionrules_blockuntrustedunsignedprocessesthatrunfromusb_audit",
          "name": "Audit",
          "displayName": "Audit",
          "optionValue": {
            "@odata.type": "#microsoft.graph.deviceManagementConfigurationStringSettingValue",
            "value": "b2b3f03d-6a65-4f7b-a9c7-1c7ef74a9ba4=2"
          },
          "dependentOn": [
            {
              "dependentOn": "device_vendor_msft_policy_config_defender_attacksurfacereductionrules",
              "parentSettingId": "device_vendor_msft_policy_config_defender_attacksurfacereductionrules"
            }
          ],
          "dependedOnBy": [
            {
              "dependedOnBy": "device_vendor_msft_policy_config_defender_attacksurfacereductionrules_blockuntrustedunsignedprocessesthatrunfromusb_perruleexclusions",
              "required": false
            }
          ]
        },
        {
          "itemId": "device_vendor_msft_policy_config_defender_attacksurfacereductionrules_blockuntrustedunsignedprocessesthatrunfromusb_warn",
          "name": "Warn",
          "displayName": "Warn",
          "optionValue": {
            "@odata.type": "#microsoft.graph.deviceManagementConfigurationStringSettingValue",
            "value": "b2b3f03d-6a65-4f7b-a9c7-1c7ef74a9ba4=6"
          },
          "dependentOn": [
            {
              "dependentOn": "device_vendor_msft_policy_config_defender_attacksurfacereductionrules",
              "parentSettingId": "device_vendor_msft_policy_config_defender_attacksurfacereductionrules"
            }
          ],
          "dependedOnBy": [
            {
              "dependedOnBy": "device_vendor_msft_policy_config_defender_attacksurfacereductionrules_blockuntrustedunsignedprocessesthatrunfromusb_perruleexclusions",
              "required": false
            }
          ]
        }
      ],
      "Count": 4
    }
  },
  {
    "Id": "device_vendor_msft_policy_config_defender_attacksurfacereductionrules_blockofficeapplicationsfrominjectingcodeintootherprocesses_perruleexclusions",
    "Name": "ASROnlyPerRuleExclusions",
    "DisplayName": "ASR Only Per Rule Exclusions",
    "Options": null
  },
  {
    "Id": "device_vendor_msft_policy_config_defender_attacksurfacereductionrules_blockpersistencethroughwmieventsubscription",
    "Name": "BlockPersistenceThroughWMIEventSubscription",
    "DisplayName": "Block persistence through WMI event subscription",
    "Options": {
      "value": [
        {
          "itemId": "device_vendor_msft_policy_config_defender_attacksurfacereductionrules_blockpersistencethroughwmieventsubscription_off",
          "name": "Off",
          "displayName": "Off",
          "optionValue": {
            "@odata.type": "#microsoft.graph.deviceManagementConfigurationStringSettingValue",
            "value": "e6db77e5-3df2-4cf1-b95a-636979351e5b=0"
          },
          "dependentOn": [
            {
              "dependentOn": "device_vendor_msft_policy_config_defender_attacksurfacereductionrules",
              "parentSettingId": "device_vendor_msft_policy_config_defender_attacksurfacereductionrules"
            }
          ],
          "dependedOnBy": [
            
          ]
        },
        {
          "itemId": "device_vendor_msft_policy_config_defender_attacksurfacereductionrules_blockpersistencethroughwmieventsubscription_block",
          "name": "Block",
          "displayName": "Block",
          "optionValue": {
            "@odata.type": "#microsoft.graph.deviceManagementConfigurationStringSettingValue",
            "value": "e6db77e5-3df2-4cf1-b95a-636979351e5b=1"
          },
          "dependentOn": [
            {
              "dependentOn": "device_vendor_msft_policy_config_defender_attacksurfacereductionrules",
              "parentSettingId": "device_vendor_msft_policy_config_defender_attacksurfacereductionrules"
            }
          ],
          "dependedOnBy": [
            
          ]
        },
        {
          "itemId": "device_vendor_msft_policy_config_defender_attacksurfacereductionrules_blockpersistencethroughwmieventsubscription_audit",
          "name": "Audit",
          "displayName": "Audit",
          "optionValue": {
            "@odata.type": "#microsoft.graph.deviceManagementConfigurationStringSettingValue",
            "value": "e6db77e5-3df2-4cf1-b95a-636979351e5b=2"
          },
          "dependentOn": [
            {
              "dependentOn": "device_vendor_msft_policy_config_defender_attacksurfacereductionrules",
              "parentSettingId": "device_vendor_msft_policy_config_defender_attacksurfacereductionrules"
            }
          ],
          "dependedOnBy": [
            
          ]
        },
        {
          "itemId": "device_vendor_msft_policy_config_defender_attacksurfacereductionrules_blockpersistencethroughwmieventsubscription_warn",
          "name": "Warn",
          "displayName": "Warn",
          "optionValue": {
            "@odata.type": "#microsoft.graph.deviceManagementConfigurationStringSettingValue",
            "value": "e6db77e5-3df2-4cf1-b95a-636979351e5b=6"
          },
          "dependentOn": [
            {
              "dependentOn": "device_vendor_msft_policy_config_defender_attacksurfacereductionrules",
              "parentSettingId": "device_vendor_msft_policy_config_defender_attacksurfacereductionrules"
            }
          ],
          "dependedOnBy": [
            
          ]
        }
      ],
      "Count": 4
    }
  },
  {
    "Id": "device_vendor_msft_policy_config_defender_attacksurfacereductionrules_blockuntrustedunsignedprocessesthatrunfromusb_perruleexclusions",
    "Name": "ASROnlyPerRuleExclusions",
    "DisplayName": "ASR Only Per Rule Exclusions",
    "Options": null
  },
  {
    "Id": "device_vendor_msft_policy_config_defender_attacksurfacereductionrules_blockuseofcopiedorimpersonatedsystemtools",
    "Name": "BlockUseOfCopiedOrImpersonatedSystemTools",
    "DisplayName": "[PREVIEW] Block use of copied or impersonated system tools",
    "Options": {
      "value": [
        {
          "itemId": "device_vendor_msft_policy_config_defender_attacksurfacereductionrules_blockuseofcopiedorimpersonatedsystemtools_off",
          "name": "Off",
          "displayName": "Off",
          "optionValue": {
            "@odata.type": "#microsoft.graph.deviceManagementConfigurationStringSettingValue",
            "value": "c0033c00-d16d-4114-a5a0-dc9b3a7d2ceb=0"
          },
          "dependentOn": [
            {
              "dependentOn": "device_vendor_msft_policy_config_defender_attacksurfacereductionrules",
              "parentSettingId": "device_vendor_msft_policy_config_defender_attacksurfacereductionrules"
            }
          ],
          "dependedOnBy": [
            
          ]
        },
        {
          "itemId": "device_vendor_msft_policy_config_defender_attacksurfacereductionrules_blockuseofcopiedorimpersonatedsystemtools_block",
          "name": "Block",
          "displayName": "Block",
          "optionValue": {
            "@odata.type": "#microsoft.graph.deviceManagementConfigurationStringSettingValue",
            "value": "c0033c00-d16d-4114-a5a0-dc9b3a7d2ceb=1"
          },
          "dependentOn": [
            {
              "dependentOn": "device_vendor_msft_policy_config_defender_attacksurfacereductionrules",
              "parentSettingId": "device_vendor_msft_policy_config_defender_attacksurfacereductionrules"
            }
          ],
          "dependedOnBy": [
            {
              "dependedOnBy": "device_vendor_msft_policy_config_defender_attacksurfacereductionrules_blockuseofcopiedorimpersonatedsystemtools_perruleexclusions",
              "required": false
            }
          ]
        },
        {
          "itemId": "device_vendor_msft_policy_config_defender_attacksurfacereductionrules_blockuseofcopiedorimpersonatedsystemtools_audit",
          "name": "Audit",
          "displayName": "Audit",
          "optionValue": {
            "@odata.type": "#microsoft.graph.deviceManagementConfigurationStringSettingValue",
            "value": "c0033c00-d16d-4114-a5a0-dc9b3a7d2ceb=2"
          },
          "dependentOn": [
            {
              "dependentOn": "device_vendor_msft_policy_config_defender_attacksurfacereductionrules",
              "parentSettingId": "device_vendor_msft_policy_config_defender_attacksurfacereductionrules"
            }
          ],
          "dependedOnBy": [
            {
              "dependedOnBy": "device_vendor_msft_policy_config_defender_attacksurfacereductionrules_blockuseofcopiedorimpersonatedsystemtools_perruleexclusions",
              "required": false
            }
          ]
        },
        {
          "itemId": "device_vendor_msft_policy_config_defender_attacksurfacereductionrules_blockuseofcopiedorimpersonatedsystemtools_warn",
          "name": "Warn",
          "displayName": "Warn",
          "optionValue": {
            "@odata.type": "#microsoft.graph.deviceManagementConfigurationStringSettingValue",
            "value": "c0033c00-d16d-4114-a5a0-dc9b3a7d2ceb=6"
          },
          "dependentOn": [
            {
              "dependentOn": "device_vendor_msft_policy_config_defender_attacksurfacereductionrules",
              "parentSettingId": "device_vendor_msft_policy_config_defender_attacksurfacereductionrules"
            }
          ],
          "dependedOnBy": [
            {
              "dependedOnBy": "device_vendor_msft_policy_config_defender_attacksurfacereductionrules_blockuseofcopiedorimpersonatedsystemtools_perruleexclusions",
              "required": false
            }
          ]
        }
      ],
      "Count": 4
    }
  },
  {
    "Id": "device_vendor_msft_policy_config_defender_attacksurfacereductionrules_useadvancedprotectionagainstransomware_perruleexclusions",
    "Name": "ASROnlyPerRuleExclusions",
    "DisplayName": "ASR Only Per Rule Exclusions",
    "Options": null
  },
  {
    "Id": "device_vendor_msft_policy_config_defender_attacksurfacereductionrules_blockofficecommunicationappfromcreatingchildprocesses_perruleexclusions",
    "Name": "ASROnlyPerRuleExclusions",
    "DisplayName": "ASR Only Per Rule Exclusions",
    "Options": null
  },
  {
    "Id": "device_vendor_msft_policy_config_defender_attacksurfacereductionrules_blockprocesscreationsfrompsexecandwmicommands_perruleexclusions",
    "Name": "ASROnlyPerRuleExclusions",
    "DisplayName": "ASR Only Per Rule Exclusions",
    "Options": null
  },
  {
    "Id": "device_vendor_msft_policy_config_defender_attacksurfacereductionrules_blockabuseofexploitedvulnerablesigneddrivers",
    "Name": "BlockAbuseOfExploitedVulnerableSignedDrivers",
    "DisplayName": "Block abuse of exploited vulnerable signed drivers (Device)",
    "Options": {
      "value": [
        {
          "itemId": "device_vendor_msft_policy_config_defender_attacksurfacereductionrules_blockabuseofexploitedvulnerablesigneddrivers_off",
          "name": "Off",
          "displayName": "Off",
          "optionValue": {
            "@odata.type": "#microsoft.graph.deviceManagementConfigurationStringSettingValue",
            "value": "56a863a9-875e-4185-98a7-b882c64b5ce5=0"
          },
          "dependentOn": [
            {
              "dependentOn": "device_vendor_msft_policy_config_defender_attacksurfacereductionrules",
              "parentSettingId": "device_vendor_msft_policy_config_defender_attacksurfacereductionrules"
            }
          ],
          "dependedOnBy": [
            
          ]
        },
        {
          "itemId": "device_vendor_msft_policy_config_defender_attacksurfacereductionrules_blockabuseofexploitedvulnerablesigneddrivers_block",
          "name": "Block",
          "displayName": "Block",
          "optionValue": {
            "@odata.type": "#microsoft.graph.deviceManagementConfigurationStringSettingValue",
            "value": "56a863a9-875e-4185-98a7-b882c64b5ce5=1"
          },
          "dependentOn": [
            {
              "dependentOn": "device_vendor_msft_policy_config_defender_attacksurfacereductionrules",
              "parentSettingId": "device_vendor_msft_policy_config_defender_attacksurfacereductionrules"
            }
          ],
          "dependedOnBy": [
            {
              "dependedOnBy": "device_vendor_msft_policy_config_defender_attacksurfacereductionrules_blockabuseofexploitedvulnerablesigneddrivers_perruleexclusions",
              "required": false
            }
          ]
        },
        {
          "itemId": "device_vendor_msft_policy_config_defender_attacksurfacereductionrules_blockabuseofexploitedvulnerablesigneddrivers_audit",
          "name": "Audit",
          "displayName": "Audit",
          "optionValue": {
            "@odata.type": "#microsoft.graph.deviceManagementConfigurationStringSettingValue",
            "value": "56a863a9-875e-4185-98a7-b882c64b5ce5=2"
          },
          "dependentOn": [
            {
              "dependentOn": "device_vendor_msft_policy_config_defender_attacksurfacereductionrules",
              "parentSettingId": "device_vendor_msft_policy_config_defender_attacksurfacereductionrules"
            }
          ],
          "dependedOnBy": [
            {
              "dependedOnBy": "device_vendor_msft_policy_config_defender_attacksurfacereductionrules_blockabuseofexploitedvulnerablesigneddrivers_perruleexclusions",
              "required": false
            }
          ]
        },
        {
          "itemId": "device_vendor_msft_policy_config_defender_attacksurfacereductionrules_blockabuseofexploitedvulnerablesigneddrivers_warn",
          "name": "Warn",
          "displayName": "Warn",
          "optionValue": {
            "@odata.type": "#microsoft.graph.deviceManagementConfigurationStringSettingValue",
            "value": "56a863a9-875e-4185-98a7-b882c64b5ce5=6"
          },
          "dependentOn": [
            {
              "dependentOn": "device_vendor_msft_policy_config_defender_attacksurfacereductionrules",
              "parentSettingId": "device_vendor_msft_policy_config_defender_attacksurfacereductionrules"
            }
          ],
          "dependedOnBy": [
            {
              "dependedOnBy": "device_vendor_msft_policy_config_defender_attacksurfacereductionrules_blockabuseofexploitedvulnerablesigneddrivers_perruleexclusions",
              "required": false
            }
          ]
        }
      ],
      "Count": 4
    }
  },
  {
    "Id": "device_vendor_msft_policy_config_defender_attacksurfacereductionrules_blockcredentialstealingfromwindowslocalsecurityauthoritysubsystem_perruleexclusions",
    "Name": "ASROnlyPerRuleExclusions",
    "DisplayName": "ASR Only Per Rule Exclusions",
    "Options": null
  },
  {
    "Id": "device_vendor_msft_policy_config_defender_attacksurfacereductionrules_blockprocesscreationsfrompsexecandwmicommands",
    "Name": "BlockProcessCreationsFromPSExecAndWMICommands",
    "DisplayName": "Block process creations originating from PSExec and WMI commands",
    "Options": {
      "value": [
        {
          "itemId": "device_vendor_msft_policy_config_defender_attacksurfacereductionrules_blockprocesscreationsfrompsexecandwmicommands_off",
          "name": "Off",
          "displayName": "Off",
          "optionValue": {
            "@odata.type": "#microsoft.graph.deviceManagementConfigurationStringSettingValue",
            "value": "d1e49aac-8f56-4280-b9ba-993a6d77406c=0"
          },
          "dependentOn": [
            {
              "dependentOn": "device_vendor_msft_policy_config_defender_attacksurfacereductionrules",
              "parentSettingId": "device_vendor_msft_policy_config_defender_attacksurfacereductionrules"
            }
          ],
          "dependedOnBy": [
            
          ]
        },
        {
          "itemId": "device_vendor_msft_policy_config_defender_attacksurfacereductionrules_blockprocesscreationsfrompsexecandwmicommands_block",
          "name": "Block",
          "displayName": "Block",
          "optionValue": {
            "@odata.type": "#microsoft.graph.deviceManagementConfigurationStringSettingValue",
            "value": "d1e49aac-8f56-4280-b9ba-993a6d77406c=1"
          },
          "dependentOn": [
            {
              "dependentOn": "device_vendor_msft_policy_config_defender_attacksurfacereductionrules",
              "parentSettingId": "device_vendor_msft_policy_config_defender_attacksurfacereductionrules"
            }
          ],
          "dependedOnBy": [
            {
              "dependedOnBy": "device_vendor_msft_policy_config_defender_attacksurfacereductionrules_blockprocesscreationsfrompsexecandwmicommands_perruleexclusions",
              "required": false
            }
          ]
        },
        {
          "itemId": "device_vendor_msft_policy_config_defender_attacksurfacereductionrules_blockprocesscreationsfrompsexecandwmicommands_audit",
          "name": "Audit",
          "displayName": "Audit",
          "optionValue": {
            "@odata.type": "#microsoft.graph.deviceManagementConfigurationStringSettingValue",
            "value": "d1e49aac-8f56-4280-b9ba-993a6d77406c=2"
          },
          "dependentOn": [
            {
              "dependentOn": "device_vendor_msft_policy_config_defender_attacksurfacereductionrules",
              "parentSettingId": "device_vendor_msft_policy_config_defender_attacksurfacereductionrules"
            }
          ],
          "dependedOnBy": [
            {
              "dependedOnBy": "device_vendor_msft_policy_config_defender_attacksurfacereductionrules_blockprocesscreationsfrompsexecandwmicommands_perruleexclusions",
              "required": false
            }
          ]
        },
        {
          "itemId": "device_vendor_msft_policy_config_defender_attacksurfacereductionrules_blockprocesscreationsfrompsexecandwmicommands_warn",
          "name": "Warn",
          "displayName": "Warn",
          "optionValue": {
            "@odata.type": "#microsoft.graph.deviceManagementConfigurationStringSettingValue",
            "value": "d1e49aac-8f56-4280-b9ba-993a6d77406c=6"
          },
          "dependentOn": [
            {
              "dependentOn": "device_vendor_msft_policy_config_defender_attacksurfacereductionrules",
              "parentSettingId": "device_vendor_msft_policy_config_defender_attacksurfacereductionrules"
            }
          ],
          "dependedOnBy": [
            {
              "dependedOnBy": "device_vendor_msft_policy_config_defender_attacksurfacereductionrules_blockprocesscreationsfrompsexecandwmicommands_perruleexclusions",
              "required": false
            }
          ]
        }
      ],
      "Count": 4
    }
  },
  {
    "Id": "device_vendor_msft_policy_config_defender_attacksurfacereductionrules_blockallofficeapplicationsfromcreatingchildprocesses_perruleexclusions",
    "Name": "ASROnlyPerRuleExclusions",
    "DisplayName": "ASR Only Per Rule Exclusions",
    "Options": null
  },
  {
    "Id": "device_vendor_msft_policy_config_defender_attacksurfacereductionrules_blockofficeapplicationsfromcreatingexecutablecontent",
    "Name": "BlockOfficeApplicationsFromCreatingExecutableContent",
    "DisplayName": "Block Office applications from creating executable content",
    "Options": {
      "value": [
        {
          "itemId": "device_vendor_msft_policy_config_defender_attacksurfacereductionrules_blockofficeapplicationsfromcreatingexecutablecontent_off",
          "name": "Off",
          "displayName": "Off",
          "optionValue": {
            "@odata.type": "#microsoft.graph.deviceManagementConfigurationStringSettingValue",
            "value": "3B576869-A4EC-4529-8536-B80A7769E899=0"
          },
          "dependentOn": [
            {
              "dependentOn": "device_vendor_msft_policy_config_defender_attacksurfacereductionrules",
              "parentSettingId": "device_vendor_msft_policy_config_defender_attacksurfacereductionrules"
            }
          ],
          "dependedOnBy": [
            
          ]
        },
        {
          "itemId": "device_vendor_msft_policy_config_defender_attacksurfacereductionrules_blockofficeapplicationsfromcreatingexecutablecontent_block",
          "name": "Block",
          "displayName": "Block",
          "optionValue": {
            "@odata.type": "#microsoft.graph.deviceManagementConfigurationStringSettingValue",
            "value": "3B576869-A4EC-4529-8536-B80A7769E899=1"
          },
          "dependentOn": [
            {
              "dependentOn": "device_vendor_msft_policy_config_defender_attacksurfacereductionrules",
              "parentSettingId": "device_vendor_msft_policy_config_defender_attacksurfacereductionrules"
            }
          ],
          "dependedOnBy": [
            {
              "dependedOnBy": "device_vendor_msft_policy_config_defender_attacksurfacereductionrules_blockofficeapplicationsfromcreatingexecutablecontent_perruleexclusions",
              "required": false
            }
          ]
        },
        {
          "itemId": "device_vendor_msft_policy_config_defender_attacksurfacereductionrules_blockofficeapplicationsfromcreatingexecutablecontent_audit",
          "name": "Audit",
          "displayName": "Audit",
          "optionValue": {
            "@odata.type": "#microsoft.graph.deviceManagementConfigurationStringSettingValue",
            "value": "3B576869-A4EC-4529-8536-B80A7769E899=2"
          },
          "dependentOn": [
            {
              "dependentOn": "device_vendor_msft_policy_config_defender_attacksurfacereductionrules",
              "parentSettingId": "device_vendor_msft_policy_config_defender_attacksurfacereductionrules"
            }
          ],
          "dependedOnBy": [
            {
              "dependedOnBy": "device_vendor_msft_policy_config_defender_attacksurfacereductionrules_blockofficeapplicationsfromcreatingexecutablecontent_perruleexclusions",
              "required": false
            }
          ]
        },
        {
          "itemId": "device_vendor_msft_policy_config_defender_attacksurfacereductionrules_blockofficeapplicationsfromcreatingexecutablecontent_warn",
          "name": "Warn",
          "displayName": "Warn",
          "optionValue": {
            "@odata.type": "#microsoft.graph.deviceManagementConfigurationStringSettingValue",
            "value": "3B576869-A4EC-4529-8536-B80A7769E899=6"
          },
          "dependentOn": [
            {
              "dependentOn": "device_vendor_msft_policy_config_defender_attacksurfacereductionrules",
              "parentSettingId": "device_vendor_msft_policy_config_defender_attacksurfacereductionrules"
            }
          ],
          "dependedOnBy": [
            {
              "dependedOnBy": "device_vendor_msft_policy_config_defender_attacksurfacereductionrules_blockofficeapplicationsfromcreatingexecutablecontent_perruleexclusions",
              "required": false
            }
          ]
        }
      ],
      "Count": 4
    }
  },
  {
    "Id": "device_vendor_msft_policy_config_defender_attacksurfacereductionrules_blockwin32apicallsfromofficemacros_perruleexclusions",
    "Name": "ASROnlyPerRuleExclusions",
    "DisplayName": "ASR Only Per Rule Exclusions",
    "Options": null
  },
  {
    "Id": "device_vendor_msft_policy_config_defender_attacksurfacereductionrules_blockrebootingmachineinsafemode_perruleexclusions",
    "Name": "ASROnlyPerRuleExclusions",
    "DisplayName": "ASR Only Per Rule Exclusions",
    "Options": null
  },
  {
    "Id": "device_vendor_msft_policy_config_defender_attacksurfacereductionrules_blockofficeapplicationsfrominjectingcodeintootherprocesses",
    "Name": "BlockOfficeApplicationsFromInjectingCodeIntoOtherProcesses",
    "DisplayName": "Block Office applications from injecting code into other processes",
    "Options": {
      "value": [
        {
          "itemId": "device_vendor_msft_policy_config_defender_attacksurfacereductionrules_blockofficeapplicationsfrominjectingcodeintootherprocesses_off",
          "name": "Off",
          "displayName": "Off",
          "optionValue": {
            "@odata.type": "#microsoft.graph.deviceManagementConfigurationStringSettingValue",
            "value": "75668C1F-73B5-4CF0-BB93-3ECF5CB7CC84=0"
          },
          "dependentOn": [
            {
              "dependentOn": "device_vendor_msft_policy_config_defender_attacksurfacereductionrules",
              "parentSettingId": "device_vendor_msft_policy_config_defender_attacksurfacereductionrules"
            }
          ],
          "dependedOnBy": [
            
          ]
        },
        {
          "itemId": "device_vendor_msft_policy_config_defender_attacksurfacereductionrules_blockofficeapplicationsfrominjectingcodeintootherprocesses_block",
          "name": "Block",
          "displayName": "Block",
          "optionValue": {
            "@odata.type": "#microsoft.graph.deviceManagementConfigurationStringSettingValue",
            "value": "75668C1F-73B5-4CF0-BB93-3ECF5CB7CC84=1"
          },
          "dependentOn": [
            {
              "dependentOn": "device_vendor_msft_policy_config_defender_attacksurfacereductionrules",
              "parentSettingId": "device_vendor_msft_policy_config_defender_attacksurfacereductionrules"
            }
          ],
          "dependedOnBy": [
            {
              "dependedOnBy": "device_vendor_msft_policy_config_defender_attacksurfacereductionrules_blockofficeapplicationsfrominjectingcodeintootherprocesses_perruleexclusions",
              "required": false
            }
          ]
        },
        {
          "itemId": "device_vendor_msft_policy_config_defender_attacksurfacereductionrules_blockofficeapplicationsfrominjectingcodeintootherprocesses_audit",
          "name": "Audit",
          "displayName": "Audit",
          "optionValue": {
            "@odata.type": "#microsoft.graph.deviceManagementConfigurationStringSettingValue",
            "value": "75668C1F-73B5-4CF0-BB93-3ECF5CB7CC84=2"
          },
          "dependentOn": [
            {
              "dependentOn": "device_vendor_msft_policy_config_defender_attacksurfacereductionrules",
              "parentSettingId": "device_vendor_msft_policy_config_defender_attacksurfacereductionrules"
            }
          ],
          "dependedOnBy": [
            {
              "dependedOnBy": "device_vendor_msft_policy_config_defender_attacksurfacereductionrules_blockofficeapplicationsfrominjectingcodeintootherprocesses_perruleexclusions",
              "required": false
            }
          ]
        },
        {
          "itemId": "device_vendor_msft_policy_config_defender_attacksurfacereductionrules_blockofficeapplicationsfrominjectingcodeintootherprocesses_warn",
          "name": "Warn",
          "displayName": "Warn",
          "optionValue": {
            "@odata.type": "#microsoft.graph.deviceManagementConfigurationStringSettingValue",
            "value": "75668C1F-73B5-4CF0-BB93-3ECF5CB7CC84=6"
          },
          "dependentOn": [
            {
              "dependentOn": "device_vendor_msft_policy_config_defender_attacksurfacereductionrules",
              "parentSettingId": "device_vendor_msft_policy_config_defender_attacksurfacereductionrules"
            }
          ],
          "dependedOnBy": [
            {
              "dependedOnBy": "device_vendor_msft_policy_config_defender_attacksurfacereductionrules_blockofficeapplicationsfrominjectingcodeintootherprocesses_perruleexclusions",
              "required": false
            }
          ]
        }
      ],
      "Count": 4
    }
  },
  {
    "Id": "device_vendor_msft_policy_config_defender_attacksurfacereductionrules_blockrebootingmachineinsafemode",
    "Name": "BlockRebootingMachineInSafeMode",
    "DisplayName": "[PREVIEW] Block rebooting machine in Safe Mode",
    "Options": {
      "value": [
        {
          "itemId": "device_vendor_msft_policy_config_defender_attacksurfacereductionrules_blockrebootingmachineinsafemode_off",
          "name": "Off",
          "displayName": "Off",
          "optionValue": {
            "@odata.type": "#microsoft.graph.deviceManagementConfigurationStringSettingValue",
            "value": "33ddedf1-c6e0-47cb-833e-de6133960387=0"
          },
          "dependentOn": [
            {
              "dependentOn": "device_vendor_msft_policy_config_defender_attacksurfacereductionrules",
              "parentSettingId": "device_vendor_msft_policy_config_defender_attacksurfacereductionrules"
            }
          ],
          "dependedOnBy": [
            
          ]
        },
        {
          "itemId": "device_vendor_msft_policy_config_defender_attacksurfacereductionrules_blockrebootingmachineinsafemode_block",
          "name": "Block",
          "displayName": "Block",
          "optionValue": {
            "@odata.type": "#microsoft.graph.deviceManagementConfigurationStringSettingValue",
            "value": "33ddedf1-c6e0-47cb-833e-de6133960387=1"
          },
          "dependentOn": [
            {
              "dependentOn": "device_vendor_msft_policy_config_defender_attacksurfacereductionrules",
              "parentSettingId": "device_vendor_msft_policy_config_defender_attacksurfacereductionrules"
            }
          ],
          "dependedOnBy": [
            {
              "dependedOnBy": "device_vendor_msft_policy_config_defender_attacksurfacereductionrules_blockrebootingmachineinsafemode_perruleexclusions",
              "required": false
            }
          ]
        },
        {
          "itemId": "device_vendor_msft_policy_config_defender_attacksurfacereductionrules_blockrebootingmachineinsafemode_audit",
          "name": "Audit",
          "displayName": "Audit",
          "optionValue": {
            "@odata.type": "#microsoft.graph.deviceManagementConfigurationStringSettingValue",
            "value": "33ddedf1-c6e0-47cb-833e-de6133960387=2"
          },
          "dependentOn": [
            {
              "dependentOn": "device_vendor_msft_policy_config_defender_attacksurfacereductionrules",
              "parentSettingId": "device_vendor_msft_policy_config_defender_attacksurfacereductionrules"
            }
          ],
          "dependedOnBy": [
            {
              "dependedOnBy": "device_vendor_msft_policy_config_defender_attacksurfacereductionrules_blockrebootingmachineinsafemode_perruleexclusions",
              "required": false
            }
          ]
        },
        {
          "itemId": "device_vendor_msft_policy_config_defender_attacksurfacereductionrules_blockrebootingmachineinsafemode_warn",
          "name": "Warn",
          "displayName": "Warn",
          "optionValue": {
            "@odata.type": "#microsoft.graph.deviceManagementConfigurationStringSettingValue",
            "value": "33ddedf1-c6e0-47cb-833e-de6133960387=6"
          },
          "dependentOn": [
            {
              "dependentOn": "device_vendor_msft_policy_config_defender_attacksurfacereductionrules",
              "parentSettingId": "device_vendor_msft_policy_config_defender_attacksurfacereductionrules"
            }
          ],
          "dependedOnBy": [
            {
              "dependedOnBy": "device_vendor_msft_policy_config_defender_attacksurfacereductionrules_blockrebootingmachineinsafemode_perruleexclusions",
              "required": false
            }
          ]
        }
      ],
      "Count": 4
    }
  },
  {
    "Id": "device_vendor_msft_policy_config_defender_attacksurfacereductionrules_useadvancedprotectionagainstransomware",
    "Name": "UseAdvancedProtectionAgainstRansomware",
    "DisplayName": "Use advanced protection against ransomware",
    "Options": {
      "value": [
        {
          "itemId": "device_vendor_msft_policy_config_defender_attacksurfacereductionrules_useadvancedprotectionagainstransomware_off",
          "name": "Off",
          "displayName": "Off",
          "optionValue": {
            "@odata.type": "#microsoft.graph.deviceManagementConfigurationStringSettingValue",
            "value": "c1db55ab-c21a-4637-bb3f-a12568109d35=0"
          },
          "dependentOn": [
            {
              "dependentOn": "device_vendor_msft_policy_config_defender_attacksurfacereductionrules",
              "parentSettingId": "device_vendor_msft_policy_config_defender_attacksurfacereductionrules"
            }
          ],
          "dependedOnBy": [
            
          ]
        },
        {
          "itemId": "device_vendor_msft_policy_config_defender_attacksurfacereductionrules_useadvancedprotectionagainstransomware_block",
          "name": "Block",
          "displayName": "Block",
          "optionValue": {
            "@odata.type": "#microsoft.graph.deviceManagementConfigurationStringSettingValue",
            "value": "c1db55ab-c21a-4637-bb3f-a12568109d35=1"
          },
          "dependentOn": [
            {
              "dependentOn": "device_vendor_msft_policy_config_defender_attacksurfacereductionrules",
              "parentSettingId": "device_vendor_msft_policy_config_defender_attacksurfacereductionrules"
            }
          ],
          "dependedOnBy": [
            {
              "dependedOnBy": "device_vendor_msft_policy_config_defender_attacksurfacereductionrules_useadvancedprotectionagainstransomware_perruleexclusions",
              "required": false
            }
          ]
        },
        {
          "itemId": "device_vendor_msft_policy_config_defender_attacksurfacereductionrules_useadvancedprotectionagainstransomware_audit",
          "name": "Audit",
          "displayName": "Audit",
          "optionValue": {
            "@odata.type": "#microsoft.graph.deviceManagementConfigurationStringSettingValue",
            "value": "c1db55ab-c21a-4637-bb3f-a12568109d35=2"
          },
          "dependentOn": [
            {
              "dependentOn": "device_vendor_msft_policy_config_defender_attacksurfacereductionrules",
              "parentSettingId": "device_vendor_msft_policy_config_defender_attacksurfacereductionrules"
            }
          ],
          "dependedOnBy": [
            {
              "dependedOnBy": "device_vendor_msft_policy_config_defender_attacksurfacereductionrules_useadvancedprotectionagainstransomware_perruleexclusions",
              "required": false
            }
          ]
        },
        {
          "itemId": "device_vendor_msft_policy_config_defender_attacksurfacereductionrules_useadvancedprotectionagainstransomware_warn",
          "name": "Warn",
          "displayName": "Warn",
          "optionValue": {
            "@odata.type": "#microsoft.graph.deviceManagementConfigurationStringSettingValue",
            "value": "c1db55ab-c21a-4637-bb3f-a12568109d35=6"
          },
          "dependentOn": [
            {
              "dependentOn": "device_vendor_msft_policy_config_defender_attacksurfacereductionrules",
              "parentSettingId": "device_vendor_msft_policy_config_defender_attacksurfacereductionrules"
            }
          ],
          "dependedOnBy": [
            {
              "dependedOnBy": "device_vendor_msft_policy_config_defender_attacksurfacereductionrules_useadvancedprotectionagainstransomware_perruleexclusions",
              "required": false
            }
          ]
        }
      ],
      "Count": 4
    }
  },
  {
    "Id": "device_vendor_msft_policy_config_defender_attacksurfacereductionrules_blockexecutablecontentfromemailclientandwebmail",
    "Name": "BlockExecutableContentFromEmailClientAndWebmail",
    "DisplayName": "Block executable content from email client and webmail",
    "Options": {
      "value": [
        {
          "itemId": "device_vendor_msft_policy_config_defender_attacksurfacereductionrules_blockexecutablecontentfromemailclientandwebmail_off",
          "name": "Off",
          "displayName": "Off",
          "optionValue": {
            "@odata.type": "#microsoft.graph.deviceManagementConfigurationStringSettingValue",
            "value": "BE9BA2D9-53EA-4CDC-84E5-9B1EEEE46550=0"
          },
          "dependentOn": [
            {
              "dependentOn": "device_vendor_msft_policy_config_defender_attacksurfacereductionrules",
              "parentSettingId": "device_vendor_msft_policy_config_defender_attacksurfacereductionrules"
            }
          ],
          "dependedOnBy": [
            
          ]
        },
        {
          "itemId": "device_vendor_msft_policy_config_defender_attacksurfacereductionrules_blockexecutablecontentfromemailclientandwebmail_block",
          "name": "Block",
          "displayName": "Block",
          "optionValue": {
            "@odata.type": "#microsoft.graph.deviceManagementConfigurationStringSettingValue",
            "value": "BE9BA2D9-53EA-4CDC-84E5-9B1EEEE46550=1"
          },
          "dependentOn": [
            {
              "dependentOn": "device_vendor_msft_policy_config_defender_attacksurfacereductionrules",
              "parentSettingId": "device_vendor_msft_policy_config_defender_attacksurfacereductionrules"
            }
          ],
          "dependedOnBy": [
            {
              "dependedOnBy": "device_vendor_msft_policy_config_defender_attacksurfacereductionrules_blockexecutablecontentfromemailclientandwebmail_perruleexclusions",
              "required": false
            }
          ]
        },
        {
          "itemId": "device_vendor_msft_policy_config_defender_attacksurfacereductionrules_blockexecutablecontentfromemailclientandwebmail_audit",
          "name": "Audit",
          "displayName": "Audit",
          "optionValue": {
            "@odata.type": "#microsoft.graph.deviceManagementConfigurationStringSettingValue",
            "value": "BE9BA2D9-53EA-4CDC-84E5-9B1EEEE46550=2"
          },
          "dependentOn": [
            {
              "dependentOn": "device_vendor_msft_policy_config_defender_attacksurfacereductionrules",
              "parentSettingId": "device_vendor_msft_policy_config_defender_attacksurfacereductionrules"
            }
          ],
          "dependedOnBy": [
            {
              "dependedOnBy": "device_vendor_msft_policy_config_defender_attacksurfacereductionrules_blockexecutablecontentfromemailclientandwebmail_perruleexclusions",
              "required": false
            }
          ]
        },
        {
          "itemId": "device_vendor_msft_policy_config_defender_attacksurfacereductionrules_blockexecutablecontentfromemailclientandwebmail_warn",
          "name": "Warn",
          "displayName": "Warn",
          "optionValue": {
            "@odata.type": "#microsoft.graph.deviceManagementConfigurationStringSettingValue",
            "value": "BE9BA2D9-53EA-4CDC-84E5-9B1EEEE46550=6"
          },
          "dependentOn": [
            {
              "dependentOn": "device_vendor_msft_policy_config_defender_attacksurfacereductionrules",
              "parentSettingId": "device_vendor_msft_policy_config_defender_attacksurfacereductionrules"
            }
          ],
          "dependedOnBy": [
            {
              "dependedOnBy": "device_vendor_msft_policy_config_defender_attacksurfacereductionrules_blockexecutablecontentfromemailclientandwebmail_perruleexclusions",
              "required": false
            }
          ]
        }
      ],
      "Count": 4
    }
  },
  {
    "Id": "device_vendor_msft_policy_config_defender_attacksurfacereductionrules",
    "Name": "AttackSurfaceReductionRules",
    "DisplayName": "Attack Surface Reduction Rules",
    "Options": null
  },
  {
    "Id": "device_vendor_msft_policy_config_defender_enablecontrolledfolderaccess",
    "Name": "EnableControlledFolderAccess",
    "DisplayName": "Enable Controlled Folder Access",
    "Options": {
      "value": [
        {
          "itemId": "device_vendor_msft_policy_config_defender_enablecontrolledfolderaccess_0",
          "description": "Disabled",
          "name": "Disabled",
          "displayName": "Disabled",
          "optionValue": {
            "@odata.type": "#microsoft.graph.deviceManagementConfigurationIntegerSettingValue",
            "value": 0
          },
          "dependentOn": [
            
          ],
          "dependedOnBy": [
            
          ]
        },
        {
          "itemId": "device_vendor_msft_policy_config_defender_enablecontrolledfolderaccess_1",
          "description": "Enabled",
          "name": "Enabled",
          "displayName": "Enabled",
          "optionValue": {
            "@odata.type": "#microsoft.graph.deviceManagementConfigurationIntegerSettingValue",
            "value": 1
          },
          "dependentOn": [
            
          ],
          "dependedOnBy": [
            
          ]
        },
        {
          "itemId": "device_vendor_msft_policy_config_defender_enablecontrolledfolderaccess_2",
          "description": "Audit Mode",
          "name": "Audit Mode",
          "displayName": "Audit Mode",
          "optionValue": {
            "@odata.type": "#microsoft.graph.deviceManagementConfigurationIntegerSettingValue",
            "value": 2
          },
          "dependentOn": [
            
          ],
          "dependedOnBy": [
            
          ]
        },
        {
          "itemId": "device_vendor_msft_policy_config_defender_enablecontrolledfolderaccess_3",
          "description": "Block disk modification only",
          "name": "Block disk modification only",
          "displayName": "Block disk modification only",
          "optionValue": {
            "@odata.type": "#microsoft.graph.deviceManagementConfigurationIntegerSettingValue",
            "value": 3
          },
          "dependentOn": [
            
          ],
          "dependedOnBy": [
            
          ]
        },
        {
          "itemId": "device_vendor_msft_policy_config_defender_enablecontrolledfolderaccess_4",
          "description": "Audit disk modification only",
          "name": "Audit disk modification only",
          "displayName": "Audit disk modification only",
          "optionValue": {
            "@odata.type": "#microsoft.graph.deviceManagementConfigurationIntegerSettingValue",
            "value": 4
          },
          "dependentOn": [
            
          ],
          "dependedOnBy": [
            
          ]
        }
      ],
      "Count": 5
    }
  },
  {
    "Id": "device_vendor_msft_policy_config_defender_attacksurfacereductiononlyexclusions",
    "Name": "AttackSurfaceReductionOnlyExclusions",
    "DisplayName": "Attack Surface Reduction Only Exclusions",
    "Options": null
  }
]
