[
  {
    "Id": "device_vendor_msft_policy_config_defender_threatseveritydefaultaction_highseveritythreats",
    "Name": "HighSeverityThreatDefaultAction",
    "DisplayName": "Remediation action for High severity threats",
    "Options": {
      "value": [
        {
          "itemId": "device_vendor_msft_policy_config_defender_threatseveritydefaultaction_highseveritythreats_clean",
          "name": "Clean",
          "displayName": "Clean. Service tries to recover files and try to disinfect.",
          "optionValue": {
            "@odata.type": "#microsoft.graph.deviceManagementConfigurationStringSettingValue",
            "value": "4=1"
          },
          "dependentOn": [
            {
              "dependentOn": "device_vendor_msft_policy_config_defender_threatseveritydefaultaction",
              "parentSettingId": "device_vendor_msft_policy_config_defender_threatseveritydefaultaction"
            }
          ],
          "dependedOnBy": [
            
          ]
        },
        {
          "itemId": "device_vendor_msft_policy_config_defender_threatseveritydefaultaction_highseveritythreats_quarantine",
          "name": "Quarantine",
          "displayName": "Quarantine. Moves files to quarantine.",
          "optionValue": {
            "@odata.type": "#microsoft.graph.deviceManagementConfigurationStringSettingValue",
            "value": "4=2"
          },
          "dependentOn": [
            {
              "dependentOn": "device_vendor_msft_policy_config_defender_threatseveritydefaultaction",
              "parentSettingId": "device_vendor_msft_policy_config_defender_threatseveritydefaultaction"
            }
          ],
          "dependedOnBy": [
            
          ]
        },
        {
          "itemId": "device_vendor_msft_policy_config_defender_threatseveritydefaultaction_highseveritythreats_remove",
          "name": "Remove",
          "displayName": "Remove. Removes files from system.",
          "optionValue": {
            "@odata.type": "#microsoft.graph.deviceManagementConfigurationStringSettingValue",
            "value": "4=3"
          },
          "dependentOn": [
            {
              "dependentOn": "device_vendor_msft_policy_config_defender_threatseveritydefaultaction",
              "parentSettingId": "device_vendor_msft_policy_config_defender_threatseveritydefaultaction"
            }
          ],
          "dependedOnBy": [
            
          ]
        },
        {
          "itemId": "device_vendor_msft_policy_config_defender_threatseveritydefaultaction_highseveritythreats_allow",
          "name": "Allow",
          "displayName": "Allow. Allows file/does none of the above actions.",
          "optionValue": {
            "@odata.type": "#microsoft.graph.deviceManagementConfigurationStringSettingValue",
            "value": "4=6"
          },
          "dependentOn": [
            {
              "dependentOn": "device_vendor_msft_policy_config_defender_threatseveritydefaultaction",
              "parentSettingId": "device_vendor_msft_policy_config_defender_threatseveritydefaultaction"
            }
          ],
          "dependedOnBy": [
            
          ]
        },
        {
          "itemId": "device_vendor_msft_policy_config_defender_threatseveritydefaultaction_highseveritythreats_userdefined",
          "name": "UserDefined",
          "displayName": "User defined. Requires user to make a decision on which action to take.",
          "optionValue": {
            "@odata.type": "#microsoft.graph.deviceManagementConfigurationStringSettingValue",
            "value": "4=8"
          },
          "dependentOn": [
            {
              "dependentOn": "device_vendor_msft_policy_config_defender_threatseveritydefaultaction",
              "parentSettingId": "device_vendor_msft_policy_config_defender_threatseveritydefaultaction"
            }
          ],
          "dependedOnBy": [
            
          ]
        },
        {
          "itemId": "device_vendor_msft_policy_config_defender_threatseveritydefaultaction_highseveritythreats_block",
          "name": "Block",
          "displayName": "Block. Blocks file execution.",
          "optionValue": {
            "@odata.type": "#microsoft.graph.deviceManagementConfigurationStringSettingValue",
            "value": "4=10"
          },
          "dependentOn": [
            {
              "dependentOn": "device_vendor_msft_policy_config_defender_threatseveritydefaultaction",
              "parentSettingId": "device_vendor_msft_policy_config_defender_threatseveritydefaultaction"
            }
          ],
          "dependedOnBy": [
            
          ]
        }
      ],
      "Count": 6
    }
  },
  {
    "Id": "device_vendor_msft_policy_config_defender_threatseveritydefaultaction",
    "Name": "ThreatSeverityDefaultAction",
    "DisplayName": "Threat Severity Default Action",
    "Options": null
  },
  {
    "Id": "device_vendor_msft_policy_config_defender_threatseveritydefaultaction_severethreats",
    "Name": "SevereThreatDefaultAction",
    "DisplayName": "Remediation action for Severe threats",
    "Options": {
      "value": [
        {
          "itemId": "device_vendor_msft_policy_config_defender_threatseveritydefaultaction_severethreats_clean",
          "name": "Clean",
          "displayName": "Clean. Service tries to recover files and try to disinfect.",
          "optionValue": {
            "@odata.type": "#microsoft.graph.deviceManagementConfigurationStringSettingValue",
            "value": "5=1"
          },
          "dependentOn": [
            {
              "dependentOn": "device_vendor_msft_policy_config_defender_threatseveritydefaultaction",
              "parentSettingId": "device_vendor_msft_policy_config_defender_threatseveritydefaultaction"
            }
          ],
          "dependedOnBy": [
            
          ]
        },
        {
          "itemId": "device_vendor_msft_policy_config_defender_threatseveritydefaultaction_severethreats_quarantine",
          "name": "Quarantine",
          "displayName": "Quarantine. Moves files to quarantine.",
          "optionValue": {
            "@odata.type": "#microsoft.graph.deviceManagementConfigurationStringSettingValue",
            "value": "5=2"
          },
          "dependentOn": [
            {
              "dependentOn": "device_vendor_msft_policy_config_defender_threatseveritydefaultaction",
              "parentSettingId": "device_vendor_msft_policy_config_defender_threatseveritydefaultaction"
            }
          ],
          "dependedOnBy": [
            
          ]
        },
        {
          "itemId": "device_vendor_msft_policy_config_defender_threatseveritydefaultaction_severethreats_remove",
          "name": "Remove",
          "displayName": "Remove. Removes files from system.",
          "optionValue": {
            "@odata.type": "#microsoft.graph.deviceManagementConfigurationStringSettingValue",
            "value": "5=3"
          },
          "dependentOn": [
            {
              "dependentOn": "device_vendor_msft_policy_config_defender_threatseveritydefaultaction",
              "parentSettingId": "device_vendor_msft_policy_config_defender_threatseveritydefaultaction"
            }
          ],
          "dependedOnBy": [
            
          ]
        },
        {
          "itemId": "device_vendor_msft_policy_config_defender_threatseveritydefaultaction_severethreats_allow",
          "name": "Allow",
          "displayName": "Allow. Allows file/does none of the above actions.",
          "optionValue": {
            "@odata.type": "#microsoft.graph.deviceManagementConfigurationStringSettingValue",
            "value": "5=6"
          },
          "dependentOn": [
            {
              "dependentOn": "device_vendor_msft_policy_config_defender_threatseveritydefaultaction",
              "parentSettingId": "device_vendor_msft_policy_config_defender_threatseveritydefaultaction"
            }
          ],
          "dependedOnBy": [
            
          ]
        },
        {
          "itemId": "device_vendor_msft_policy_config_defender_threatseveritydefaultaction_severethreats_userdefined",
          "name": "UserDefined",
          "displayName": "User defined. Requires user to make a decision on which action to take.",
          "optionValue": {
            "@odata.type": "#microsoft.graph.deviceManagementConfigurationStringSettingValue",
            "value": "5=8"
          },
          "dependentOn": [
            {
              "dependentOn": "device_vendor_msft_policy_config_defender_threatseveritydefaultaction",
              "parentSettingId": "device_vendor_msft_policy_config_defender_threatseveritydefaultaction"
            }
          ],
          "dependedOnBy": [
            
          ]
        },
        {
          "itemId": "device_vendor_msft_policy_config_defender_threatseveritydefaultaction_severethreats_block",
          "name": "Block",
          "displayName": "Block. Blocks file execution.",
          "optionValue": {
            "@odata.type": "#microsoft.graph.deviceManagementConfigurationStringSettingValue",
            "value": "5=10"
          },
          "dependentOn": [
            {
              "dependentOn": "device_vendor_msft_policy_config_defender_threatseveritydefaultaction",
              "parentSettingId": "device_vendor_msft_policy_config_defender_threatseveritydefaultaction"
            }
          ],
          "dependedOnBy": [
            
          ]
        }
      ],
      "Count": 6
    }
  },
  {
    "Id": "device_vendor_msft_policy_config_defender_threatseveritydefaultaction_lowseveritythreats",
    "Name": "LowSeverityThreatDefaultAction",
    "DisplayName": "Remediation action for Low severity threats",
    "Options": {
      "value": [
        {
          "itemId": "device_vendor_msft_policy_config_defender_threatseveritydefaultaction_lowseveritythreats_clean",
          "name": "Clean",
          "displayName": "Clean. Service tries to recover files and try to disinfect.",
          "optionValue": {
            "@odata.type": "#microsoft.graph.deviceManagementConfigurationStringSettingValue",
            "value": "1=1"
          },
          "dependentOn": [
            {
              "dependentOn": "device_vendor_msft_policy_config_defender_threatseveritydefaultaction",
              "parentSettingId": "device_vendor_msft_policy_config_defender_threatseveritydefaultaction"
            }
          ],
          "dependedOnBy": [
            
          ]
        },
        {
          "itemId": "device_vendor_msft_policy_config_defender_threatseveritydefaultaction_lowseveritythreats_quarantine",
          "name": "Quarantine",
          "displayName": "Quarantine. Moves files to quarantine.",
          "optionValue": {
            "@odata.type": "#microsoft.graph.deviceManagementConfigurationStringSettingValue",
            "value": "1=2"
          },
          "dependentOn": [
            {
              "dependentOn": "device_vendor_msft_policy_config_defender_threatseveritydefaultaction",
              "parentSettingId": "device_vendor_msft_policy_config_defender_threatseveritydefaultaction"
            }
          ],
          "dependedOnBy": [
            
          ]
        },
        {
          "itemId": "device_vendor_msft_policy_config_defender_threatseveritydefaultaction_lowseveritythreats_remove",
          "name": "Remove",
          "displayName": "Remove. Removes files from system.",
          "optionValue": {
            "@odata.type": "#microsoft.graph.deviceManagementConfigurationStringSettingValue",
            "value": "1=3"
          },
          "dependentOn": [
            {
              "dependentOn": "device_vendor_msft_policy_config_defender_threatseveritydefaultaction",
              "parentSettingId": "device_vendor_msft_policy_config_defender_threatseveritydefaultaction"
            }
          ],
          "dependedOnBy": [
            
          ]
        },
        {
          "itemId": "device_vendor_msft_policy_config_defender_threatseveritydefaultaction_lowseveritythreats_allow",
          "name": "Allow",
          "displayName": "Allow. Allows file/does none of the above actions.",
          "optionValue": {
            "@odata.type": "#microsoft.graph.deviceManagementConfigurationStringSettingValue",
            "value": "1=6"
          },
          "dependentOn": [
            {
              "dependentOn": "device_vendor_msft_policy_config_defender_threatseveritydefaultaction",
              "parentSettingId": "device_vendor_msft_policy_config_defender_threatseveritydefaultaction"
            }
          ],
          "dependedOnBy": [
            
          ]
        },
        {
          "itemId": "device_vendor_msft_policy_config_defender_threatseveritydefaultaction_lowseveritythreats_userdefined",
          "name": "UserDefined",
          "displayName": "User defined. Requires user to make a decision on which action to take.",
          "optionValue": {
            "@odata.type": "#microsoft.graph.deviceManagementConfigurationStringSettingValue",
            "value": "1=8"
          },
          "dependentOn": [
            {
              "dependentOn": "device_vendor_msft_policy_config_defender_threatseveritydefaultaction",
              "parentSettingId": "device_vendor_msft_policy_config_defender_threatseveritydefaultaction"
            }
          ],
          "dependedOnBy": [
            
          ]
        },
        {
          "itemId": "device_vendor_msft_policy_config_defender_threatseveritydefaultaction_lowseveritythreats_block",
          "name": "Block",
          "displayName": "Block. Blocks file execution.",
          "optionValue": {
            "@odata.type": "#microsoft.graph.deviceManagementConfigurationStringSettingValue",
            "value": "1=10"
          },
          "dependentOn": [
            {
              "dependentOn": "device_vendor_msft_policy_config_defender_threatseveritydefaultaction",
              "parentSettingId": "device_vendor_msft_policy_config_defender_threatseveritydefaultaction"
            }
          ],
          "dependedOnBy": [
            
          ]
        }
      ],
      "Count": 6
    }
  },
  {
    "Id": "device_vendor_msft_policy_config_defender_threatseveritydefaultaction_moderateseveritythreats",
    "Name": "ModerateSeverityThreatDefaultAction",
    "DisplayName": "Remediation action for Moderate severity threats",
    "Options": {
      "value": [
        {
          "itemId": "device_vendor_msft_policy_config_defender_threatseveritydefaultaction_moderateseveritythreats_clean",
          "name": "Clean",
          "displayName": "Clean. Service tries to recover files and try to disinfect.",
          "optionValue": {
            "@odata.type": "#microsoft.graph.deviceManagementConfigurationStringSettingValue",
            "value": "2=1"
          },
          "dependentOn": [
            {
              "dependentOn": "device_vendor_msft_policy_config_defender_threatseveritydefaultaction",
              "parentSettingId": "device_vendor_msft_policy_config_defender_threatseveritydefaultaction"
            }
          ],
          "dependedOnBy": [
            
          ]
        },
        {
          "itemId": "device_vendor_msft_policy_config_defender_threatseveritydefaultaction_moderateseveritythreats_quarantine",
          "name": "Quarantine",
          "displayName": "Quarantine. Moves files to quarantine.",
          "optionValue": {
            "@odata.type": "#microsoft.graph.deviceManagementConfigurationStringSettingValue",
            "value": "2=2"
          },
          "dependentOn": [
            {
              "dependentOn": "device_vendor_msft_policy_config_defender_threatseveritydefaultaction",
              "parentSettingId": "device_vendor_msft_policy_config_defender_threatseveritydefaultaction"
            }
          ],
          "dependedOnBy": [
            
          ]
        },
        {
          "itemId": "device_vendor_msft_policy_config_defender_threatseveritydefaultaction_moderateseveritythreats_remove",
          "name": "Remove",
          "displayName": "Remove. Removes files from system.",
          "optionValue": {
            "@odata.type": "#microsoft.graph.deviceManagementConfigurationStringSettingValue",
            "value": "2=3"
          },
          "dependentOn": [
            {
              "dependentOn": "device_vendor_msft_policy_config_defender_threatseveritydefaultaction",
              "parentSettingId": "device_vendor_msft_policy_config_defender_threatseveritydefaultaction"
            }
          ],
          "dependedOnBy": [
            
          ]
        },
        {
          "itemId": "device_vendor_msft_policy_config_defender_threatseveritydefaultaction_moderateseveritythreats_allow",
          "name": "Allow",
          "displayName": "Allow. Allows file/does none of the above actions.",
          "optionValue": {
            "@odata.type": "#microsoft.graph.deviceManagementConfigurationStringSettingValue",
            "value": "2=6"
          },
          "dependentOn": [
            {
              "dependentOn": "device_vendor_msft_policy_config_defender_threatseveritydefaultaction",
              "parentSettingId": "device_vendor_msft_policy_config_defender_threatseveritydefaultaction"
            }
          ],
          "dependedOnBy": [
            
          ]
        },
        {
          "itemId": "device_vendor_msft_policy_config_defender_threatseveritydefaultaction_moderateseveritythreats_userdefined",
          "name": "UserDefined",
          "displayName": "User defined. Requires user to make a decision on which action to take.",
          "optionValue": {
            "@odata.type": "#microsoft.graph.deviceManagementConfigurationStringSettingValue",
            "value": "2=8"
          },
          "dependentOn": [
            {
              "dependentOn": "device_vendor_msft_policy_config_defender_threatseveritydefaultaction",
              "parentSettingId": "device_vendor_msft_policy_config_defender_threatseveritydefaultaction"
            }
          ],
          "dependedOnBy": [
            
          ]
        },
        {
          "itemId": "device_vendor_msft_policy_config_defender_threatseveritydefaultaction_moderateseveritythreats_block",
          "name": "Block",
          "displayName": "Block. Blocks file execution.",
          "optionValue": {
            "@odata.type": "#microsoft.graph.deviceManagementConfigurationStringSettingValue",
            "value": "2=10"
          },
          "dependentOn": [
            {
              "dependentOn": "device_vendor_msft_policy_config_defender_threatseveritydefaultaction",
              "parentSettingId": "device_vendor_msft_policy_config_defender_threatseveritydefaultaction"
            }
          ],
          "dependedOnBy": [
            
          ]
        }
      ],
      "Count": 6
    }
  },
  {
    "Id": "device_vendor_msft_policy_config_defender_schedulescanday",
    "Name": "ScheduleScanDay",
    "DisplayName": "Schedule Scan Day",
    "Options": {
      "value": [
        {
          "itemId": "device_vendor_msft_policy_config_defender_schedulescanday_0",
          "description": "Every day",
          "name": "Every day",
          "displayName": "Every day",
          "optionValue": {
            "@odata.type": "#microsoft.graph.deviceManagementConfigurationIntegerSettingValue",
            "value": 0
          },
          "dependentOn": [
            
          ],
          "dependedOnBy": [
            
          ]
        },
        {
          "itemId": "device_vendor_msft_policy_config_defender_schedulescanday_1",
          "description": "Sunday",
          "name": "Sunday",
          "displayName": "Sunday",
          "optionValue": {
            "@odata.type": "#microsoft.graph.deviceManagementConfigurationIntegerSettingValue",
            "value": 1
          },
          "dependentOn": [
            
          ],
          "dependedOnBy": [
            
          ]
        },
        {
          "itemId": "device_vendor_msft_policy_config_defender_schedulescanday_2",
          "description": "Monday",
          "name": "Monday",
          "displayName": "Monday",
          "optionValue": {
            "@odata.type": "#microsoft.graph.deviceManagementConfigurationIntegerSettingValue",
            "value": 2
          },
          "dependentOn": [
            
          ],
          "dependedOnBy": [
            
          ]
        },
        {
          "itemId": "device_vendor_msft_policy_config_defender_schedulescanday_3",
          "description": "Tuesday",
          "name": "Tuesday",
          "displayName": "Tuesday",
          "optionValue": {
            "@odata.type": "#microsoft.graph.deviceManagementConfigurationIntegerSettingValue",
            "value": 3
          },
          "dependentOn": [
            
          ],
          "dependedOnBy": [
            
          ]
        },
        {
          "itemId": "device_vendor_msft_policy_config_defender_schedulescanday_4",
          "description": "Wednesday",
          "name": "Wednesday",
          "displayName": "Wednesday",
          "optionValue": {
            "@odata.type": "#microsoft.graph.deviceManagementConfigurationIntegerSettingValue",
            "value": 4
          },
          "dependentOn": [
            
          ],
          "dependedOnBy": [
            
          ]
        },
        {
          "itemId": "device_vendor_msft_policy_config_defender_schedulescanday_5",
          "description": "Thursday",
          "name": "Thursday",
          "displayName": "Thursday",
          "optionValue": {
            "@odata.type": "#microsoft.graph.deviceManagementConfigurationIntegerSettingValue",
            "value": 5
          },
          "dependentOn": [
            
          ],
          "dependedOnBy": [
            
          ]
        },
        {
          "itemId": "device_vendor_msft_policy_config_defender_schedulescanday_6",
          "description": "Friday",
          "name": "Friday",
          "displayName": "Friday",
          "optionValue": {
            "@odata.type": "#microsoft.graph.deviceManagementConfigurationIntegerSettingValue",
            "value": 6
          },
          "dependentOn": [
            
          ],
          "dependedOnBy": [
            
          ]
        },
        {
          "itemId": "device_vendor_msft_policy_config_defender_schedulescanday_7",
          "description": "Saturday",
          "name": "Saturday",
          "displayName": "Saturday",
          "optionValue": {
            "@odata.type": "#microsoft.graph.deviceManagementConfigurationIntegerSettingValue",
            "value": 7
          },
          "dependentOn": [
            
          ],
          "dependedOnBy": [
            
          ]
        },
        {
          "itemId": "device_vendor_msft_policy_config_defender_schedulescanday_8",
          "description": "No scheduled scan",
          "name": "No scheduled scan",
          "displayName": "No scheduled scan",
          "optionValue": {
            "@odata.type": "#microsoft.graph.deviceManagementConfigurationIntegerSettingValue",
            "value": 8
          },
          "dependentOn": [
            
          ],
          "dependedOnBy": [
            
          ]
        }
      ],
      "Count": 9
    }
  }
]
